variable,definition,resolution,source
YEAR,Year of survey,NA,NA
ARU,ARU (1) or human point count (0),NA,NA
AHM,Annual heat:moisture,1 km,"Wang T., Hamann A., Spittlehouse D., & Carroll C. (2016) Locally Downscaled and Spatially Customizable Climate Data for Historical and Future Periods for North America. PLoS ONE 11, e0156720. doi:10.1371/journal.pone.0156720"
bFFP,Beginning of the frost free period,1 km,"Wang T., Hamann A., Spittlehouse D., & Carroll C. (2016) Locally Downscaled and Spatially Customizable Climate Data for Historical and Future Periods for North America. PLoS ONE 11, e0156720. doi:10.1371/journal.pone.0156721"
CMD,Climatic moisture deficit,1 km,"Wang T., Hamann A., Spittlehouse D., & Carroll C. (2016) Locally Downscaled and Spatially Customizable Climate Data for Historical and Future Periods for North America. PLoS ONE 11, e0156720. doi:10.1371/journal.pone.0156722"
DD_0,Degree days (<0),1 km,"Wang T., Hamann A., Spittlehouse D., & Carroll C. (2016) Locally Downscaled and Spatially Customizable Climate Data for Historical and Future Periods for North America. PLoS ONE 11, e0156720. doi:10.1371/journal.pone.0156723"
DD_18,Degree days (<18),1 km,"Wang T., Hamann A., Spittlehouse D., & Carroll C. (2016) Locally Downscaled and Spatially Customizable Climate Data for Historical and Future Periods for North America. PLoS ONE 11, e0156720. doi:10.1371/journal.pone.0156725"
DD18,Degree days (>18),1 km,"Wang T., Hamann A., Spittlehouse D., & Carroll C. (2016) Locally Downscaled and Spatially Customizable Climate Data for Historical and Future Periods for North America. PLoS ONE 11, e0156720. doi:10.1371/journal.pone.0156725"
DD5,Degree days (>5),1 km,"Wang T., Hamann A., Spittlehouse D., & Carroll C. (2016) Locally Downscaled and Spatially Customizable Climate Data for Historical and Future Periods for North America. PLoS ONE 11, e0156720. doi:10.1371/journal.pone.0156726"
eFFP,End of the frost-free period,1 km,"Wang T., Hamann A., Spittlehouse D., & Carroll C. (2016) Locally Downscaled and Spatially Customizable Climate Data for Historical and Future Periods for North America. PLoS ONE 11, e0156720. doi:10.1371/journal.pone.0156727"
EMT,Extreme minimum temperature,1 km,"Wang T., Hamann A., Spittlehouse D., & Carroll C. (2016) Locally Downscaled and Spatially Customizable Climate Data for Historical and Future Periods for North America. PLoS ONE 11, e0156720. doi:10.1371/journal.pone.0156728"
EXT,Extreme maximum temperature,1 km,"Wang T., Hamann A., Spittlehouse D., & Carroll C. (2016) Locally Downscaled and Spatially Customizable Climate Data for Historical and Future Periods for North America. PLoS ONE 11, e0156720. doi:10.1371/journal.pone.0156730"
FFP,Frost-free period,1 km,"Wang T., Hamann A., Spittlehouse D., & Carroll C. (2016) Locally Downscaled and Spatially Customizable Climate Data for Historical and Future Periods for North America. PLoS ONE 11, e0156720. doi:10.1371/journal.pone.0156731"
MAP,Mean annual precipitation,1 km,"Wang T., Hamann A., Spittlehouse D., & Carroll C. (2016) Locally Downscaled and Spatially Customizable Climate Data for Historical and Future Periods for North America. PLoS ONE 11, e0156720. doi:10.1371/journal.pone.0156732"
MAT,Mean annual temperature,1 km,"Wang T., Hamann A., Spittlehouse D., & Carroll C. (2016) Locally Downscaled and Spatially Customizable Climate Data for Historical and Future Periods for North America. PLoS ONE 11, e0156720. doi:10.1371/journal.pone.0156733"
MCMT,Mean cold month temperature,1 km,"Wang T., Hamann A., Spittlehouse D., & Carroll C. (2016) Locally Downscaled and Spatially Customizable Climate Data for Historical and Future Periods for North America. PLoS ONE 11, e0156720. doi:10.1371/journal.pone.0156734"
MSP,Mean summer precipitation,1 km,"Wang T., Hamann A., Spittlehouse D., & Carroll C. (2016) Locally Downscaled and Spatially Customizable Climate Data for Historical and Future Periods for North America. PLoS ONE 11, e0156720. doi:10.1371/journal.pone.0156735"
MWMT,Mean warm month temperature,1 km,"Wang T., Hamann A., Spittlehouse D., & Carroll C. (2016) Locally Downscaled and Spatially Customizable Climate Data for Historical and Future Periods for North America. PLoS ONE 11, e0156720. doi:10.1371/journal.pone.0156736"
NFFD,Number of frost-free days,1 km,"Wang T., Hamann A., Spittlehouse D., & Carroll C. (2016) Locally Downscaled and Spatially Customizable Climate Data for Historical and Future Periods for North America. PLoS ONE 11, e0156720. doi:10.1371/journal.pone.0156737"
PPT_sm,Summer precipitation,1 km,"Wang T., Hamann A., Spittlehouse D., & Carroll C. (2016) Locally Downscaled and Spatially Customizable Climate Data for Historical and Future Periods for North America. PLoS ONE 11, e0156720. doi:10.1371/journal.pone.0156739"
PPT_wt,Winter precipitation,1 km,"Wang T., Hamann A., Spittlehouse D., & Carroll C. (2016) Locally Downscaled and Spatially Customizable Climate Data for Historical and Future Periods for North America. PLoS ONE 11, e0156720. doi:10.1371/journal.pone.0156740"
SHM,Summer heat:moisture,1 km,"Wang T., Hamann A., Spittlehouse D., & Carroll C. (2016) Locally Downscaled and Spatially Customizable Climate Data for Historical and Future Periods for North America. PLoS ONE 11, e0156720. doi:10.1371/journal.pone.0156742"
Tave_sm,Average summer temperature,1 km,"Wang T., Hamann A., Spittlehouse D., & Carroll C. (2016) Locally Downscaled and Spatially Customizable Climate Data for Historical and Future Periods for North America. PLoS ONE 11, e0156720. doi:10.1371/journal.pone.0156743"
Tave_wt,Average winter temperature,1 km,"Wang T., Hamann A., Spittlehouse D., & Carroll C. (2016) Locally Downscaled and Spatially Customizable Climate Data for Historical and Future Periods for North America. PLoS ONE 11, e0156720. doi:10.1371/journal.pone.0156744"
TD,Temperature difference,1 km,"Wang T., Hamann A., Spittlehouse D., & Carroll C. (2016) Locally Downscaled and Spatially Customizable Climate Data for Historical and Future Periods for North America. PLoS ONE 11, e0156720. doi:10.1371/journal.pone.0156745"
LandCover_NonVeg_v1,% non vegetated,250 m,"Beaudoin A., Bernier P.Y., Guindon L., Villemaire P., Guo X.J., Stinson G., . . . Hall R.J. (2014) Mapping attributes of Canada’s forests at moderate resolution through kNN and MODIS imagery. Canadian Journal of Forest Research 44, 521-532."
LandCover_Veg_v1,% vegetated,250 m,"Beaudoin A., Bernier P.Y., Guindon L., Villemaire P., Guo X.J., Stinson G., . . . Hall R.J. (2014) Mapping attributes of Canada’s forests at moderate resolution through kNN and MODIS imagery. Canadian Journal of Forest Research 44, 521-532."
LandCover_VegNonTreed_v1,% non-treed vegetation,250 m,"Beaudoin A., Bernier P.Y., Guindon L., Villemaire P., Guo X.J., Stinson G., . . . Hall R.J. (2014) Mapping attributes of Canada’s forests at moderate resolution through kNN and MODIS imagery. Canadian Journal of Forest Research 44, 521-532."
LandCover_VegTreed_v1,% treed vegetation,250 m,"Beaudoin A., Bernier P.Y., Guindon L., Villemaire P., Guo X.J., Stinson G., . . . Hall R.J. (2014) Mapping attributes of Canada’s forests at moderate resolution through kNN and MODIS imagery. Canadian Journal of Forest Research 44, 521-532."
Species_Abie_Ama_v1,"biomass (tons/ha x 100, see supplementary material for species definition)",250 m,"Beaudoin A., Bernier P.Y., Guindon L., Villemaire P., Guo X.J., Stinson G., . . . Hall R.J. (2014) Mapping attributes of Canada’s forests at moderate resolution through kNN and MODIS imagery. Canadian Journal of Forest Research 44, 521-532."
Species_Abie_Bal_v1,"biomass (tons/ha x 100, see supplementary material for species definition)",250 m,"Beaudoin A., Bernier P.Y., Guindon L., Villemaire P., Guo X.J., Stinson G., . . . Hall R.J. (2014) Mapping attributes of Canada’s forests at moderate resolution through kNN and MODIS imagery. Canadian Journal of Forest Research 44, 521-532."
Species_Abie_Las_v1,"biomass (tons/ha x 100, see supplementary material for species definition)",250 m,"Beaudoin A., Bernier P.Y., Guindon L., Villemaire P., Guo X.J., Stinson G., . . . Hall R.J. (2014) Mapping attributes of Canada’s forests at moderate resolution through kNN and MODIS imagery. Canadian Journal of Forest Research 44, 521-532."
Species_Abie_Spp_v1,"biomass (tons/ha x 100, see supplementary material for species definition)",250 m,"Beaudoin A., Bernier P.Y., Guindon L., Villemaire P., Guo X.J., Stinson G., . . . Hall R.J. (2014) Mapping attributes of Canada’s forests at moderate resolution through kNN and MODIS imagery. Canadian Journal of Forest Research 44, 521-532."
Species_Acer_Mac_v1,"biomass (tons/ha x 100, see supplementary material for species definition)",250 m,"Beaudoin A., Bernier P.Y., Guindon L., Villemaire P., Guo X.J., Stinson G., . . . Hall R.J. (2014) Mapping attributes of Canada’s forests at moderate resolution through kNN and MODIS imagery. Canadian Journal of Forest Research 44, 521-532."
Species_Acer_Neg_v1,"biomass (tons/ha x 100, see supplementary material for species definition)",250 m,"Beaudoin A., Bernier P.Y., Guindon L., Villemaire P., Guo X.J., Stinson G., . . . Hall R.J. (2014) Mapping attributes of Canada’s forests at moderate resolution through kNN and MODIS imagery. Canadian Journal of Forest Research 44, 521-532."
Species_Acer_Pen_v1,"biomass (tons/ha x 100, see supplementary material for species definition)",250 m,"Beaudoin A., Bernier P.Y., Guindon L., Villemaire P., Guo X.J., Stinson G., . . . Hall R.J. (2014) Mapping attributes of Canada’s forests at moderate resolution through kNN and MODIS imagery. Canadian Journal of Forest Research 44, 521-532."
Species_Acer_Rub_v1,"biomass (tons/ha x 100, see supplementary material for species definition)",250 m,"Beaudoin A., Bernier P.Y., Guindon L., Villemaire P., Guo X.J., Stinson G., . . . Hall R.J. (2014) Mapping attributes of Canada’s forests at moderate resolution through kNN and MODIS imagery. Canadian Journal of Forest Research 44, 521-532."
Species_Acer_Sac_v1,"biomass (tons/ha x 100, see supplementary material for species definition)",250 m,"Beaudoin A., Bernier P.Y., Guindon L., Villemaire P., Guo X.J., Stinson G., . . . Hall R.J. (2014) Mapping attributes of Canada’s forests at moderate resolution through kNN and MODIS imagery. Canadian Journal of Forest Research 44, 521-532."
Species_Acer_Sah_v1,"biomass (tons/ha x 100, see supplementary material for species definition)",250 m,"Beaudoin A., Bernier P.Y., Guindon L., Villemaire P., Guo X.J., Stinson G., . . . Hall R.J. (2014) Mapping attributes of Canada’s forests at moderate resolution through kNN and MODIS imagery. Canadian Journal of Forest Research 44, 521-532."
Species_Acer_Spi_v1,"biomass (tons/ha x 100, see supplementary material for species definition)",250 m,"Beaudoin A., Bernier P.Y., Guindon L., Villemaire P., Guo X.J., Stinson G., . . . Hall R.J. (2014) Mapping attributes of Canada’s forests at moderate resolution through kNN and MODIS imagery. Canadian Journal of Forest Research 44, 521-532."
Species_Acer_Spp_v1,"biomass (tons/ha x 100, see supplementary material for species definition)",250 m,"Beaudoin A., Bernier P.Y., Guindon L., Villemaire P., Guo X.J., Stinson G., . . . Hall R.J. (2014) Mapping attributes of Canada’s forests at moderate resolution through kNN and MODIS imagery. Canadian Journal of Forest Research 44, 521-532."
Species_Alnu_Rub_v1,"biomass (tons/ha x 100, see supplementary material for species definition)",250 m,"Beaudoin A., Bernier P.Y., Guindon L., Villemaire P., Guo X.J., Stinson G., . . . Hall R.J. (2014) Mapping attributes of Canada’s forests at moderate resolution through kNN and MODIS imagery. Canadian Journal of Forest Research 44, 521-532."
Species_Alnu_Spp_v1,"biomass (tons/ha x 100, see supplementary material for species definition)",250 m,"Beaudoin A., Bernier P.Y., Guindon L., Villemaire P., Guo X.J., Stinson G., . . . Hall R.J. (2014) Mapping attributes of Canada’s forests at moderate resolution through kNN and MODIS imagery. Canadian Journal of Forest Research 44, 521-532."
Species_Arbu_Men_v1,"biomass (tons/ha x 100, see supplementary material for species definition)",250 m,"Beaudoin A., Bernier P.Y., Guindon L., Villemaire P., Guo X.J., Stinson G., . . . Hall R.J. (2014) Mapping attributes of Canada’s forests at moderate resolution through kNN and MODIS imagery. Canadian Journal of Forest Research 44, 521-532."
Species_Betu_All_v1,"biomass (tons/ha x 100, see supplementary material for species definition)",250 m,"Beaudoin A., Bernier P.Y., Guindon L., Villemaire P., Guo X.J., Stinson G., . . . Hall R.J. (2014) Mapping attributes of Canada’s forests at moderate resolution through kNN and MODIS imagery. Canadian Journal of Forest Research 44, 521-532."
Species_Betu_Pap_v1,"biomass (tons/ha x 100, see supplementary material for species definition)",250 m,"Beaudoin A., Bernier P.Y., Guindon L., Villemaire P., Guo X.J., Stinson G., . . . Hall R.J. (2014) Mapping attributes of Canada’s forests at moderate resolution through kNN and MODIS imagery. Canadian Journal of Forest Research 44, 521-532."
Species_Betu_Pop_v1,"biomass (tons/ha x 100, see supplementary material for species definition)",250 m,"Beaudoin A., Bernier P.Y., Guindon L., Villemaire P., Guo X.J., Stinson G., . . . Hall R.J. (2014) Mapping attributes of Canada’s forests at moderate resolution through kNN and MODIS imagery. Canadian Journal of Forest Research 44, 521-532."
Species_Betu_Spp_v1,"biomass (tons/ha x 100, see supplementary material for species definition)",250 m,"Beaudoin A., Bernier P.Y., Guindon L., Villemaire P., Guo X.J., Stinson G., . . . Hall R.J. (2014) Mapping attributes of Canada’s forests at moderate resolution through kNN and MODIS imagery. Canadian Journal of Forest Research 44, 521-532."
Species_Carp_Car_v1,"biomass (tons/ha x 100, see supplementary material for species definition)",250 m,"Beaudoin A., Bernier P.Y., Guindon L., Villemaire P., Guo X.J., Stinson G., . . . Hall R.J. (2014) Mapping attributes of Canada’s forests at moderate resolution through kNN and MODIS imagery. Canadian Journal of Forest Research 44, 521-532."
Species_Cary_Cor_v1,"biomass (tons/ha x 100, see supplementary material for species definition)",250 m,"Beaudoin A., Bernier P.Y., Guindon L., Villemaire P., Guo X.J., Stinson G., . . . Hall R.J. (2014) Mapping attributes of Canada’s forests at moderate resolution through kNN and MODIS imagery. Canadian Journal of Forest Research 44, 521-532."
Species_Cham_Noo_v1,"biomass (tons/ha x 100, see supplementary material for species definition)",250 m,"Beaudoin A., Bernier P.Y., Guindon L., Villemaire P., Guo X.J., Stinson G., . . . Hall R.J. (2014) Mapping attributes of Canada’s forests at moderate resolution through kNN and MODIS imagery. Canadian Journal of Forest Research 44, 521-532."
Species_Fagu_Gra_v1,"biomass (tons/ha x 100, see supplementary material for species definition)",250 m,"Beaudoin A., Bernier P.Y., Guindon L., Villemaire P., Guo X.J., Stinson G., . . . Hall R.J. (2014) Mapping attributes of Canada’s forests at moderate resolution through kNN and MODIS imagery. Canadian Journal of Forest Research 44, 521-532."
Species_Frax_Ame_v1,"biomass (tons/ha x 100, see supplementary material for species definition)",250 m,"Beaudoin A., Bernier P.Y., Guindon L., Villemaire P., Guo X.J., Stinson G., . . . Hall R.J. (2014) Mapping attributes of Canada’s forests at moderate resolution through kNN and MODIS imagery. Canadian Journal of Forest Research 44, 521-532."
Species_Frax_Nig_v1,"biomass (tons/ha x 100, see supplementary material for species definition)",250 m,"Beaudoin A., Bernier P.Y., Guindon L., Villemaire P., Guo X.J., Stinson G., . . . Hall R.J. (2014) Mapping attributes of Canada’s forests at moderate resolution through kNN and MODIS imagery. Canadian Journal of Forest Research 44, 521-532."
Species_Frax_Pen_v1,"biomass (tons/ha x 100, see supplementary material for species definition)",250 m,"Beaudoin A., Bernier P.Y., Guindon L., Villemaire P., Guo X.J., Stinson G., . . . Hall R.J. (2014) Mapping attributes of Canada’s forests at moderate resolution through kNN and MODIS imagery. Canadian Journal of Forest Research 44, 521-532."
Species_Genc_Spp_v1,"biomass (tons/ha x 100, see supplementary material for species definition)",250 m,"Beaudoin A., Bernier P.Y., Guindon L., Villemaire P., Guo X.J., Stinson G., . . . Hall R.J. (2014) Mapping attributes of Canada’s forests at moderate resolution through kNN and MODIS imagery. Canadian Journal of Forest Research 44, 521-532."
Species_Genh_Spp_v1,"biomass (tons/ha x 100, see supplementary material for species definition)",250 m,"Beaudoin A., Bernier P.Y., Guindon L., Villemaire P., Guo X.J., Stinson G., . . . Hall R.J. (2014) Mapping attributes of Canada’s forests at moderate resolution through kNN and MODIS imagery. Canadian Journal of Forest Research 44, 521-532."
Species_Jugl_Cin_v1,"biomass (tons/ha x 100, see supplementary material for species definition)",250 m,"Beaudoin A., Bernier P.Y., Guindon L., Villemaire P., Guo X.J., Stinson G., . . . Hall R.J. (2014) Mapping attributes of Canada’s forests at moderate resolution through kNN and MODIS imagery. Canadian Journal of Forest Research 44, 521-532."
Species_Jugl_Nig_v1,"biomass (tons/ha x 100, see supplementary material for species definition)",250 m,"Beaudoin A., Bernier P.Y., Guindon L., Villemaire P., Guo X.J., Stinson G., . . . Hall R.J. (2014) Mapping attributes of Canada’s forests at moderate resolution through kNN and MODIS imagery. Canadian Journal of Forest Research 44, 521-532."
Species_Juni_Vir_v1,"biomass (tons/ha x 100, see supplementary material for species definition)",250 m,"Beaudoin A., Bernier P.Y., Guindon L., Villemaire P., Guo X.J., Stinson G., . . . Hall R.J. (2014) Mapping attributes of Canada’s forests at moderate resolution through kNN and MODIS imagery. Canadian Journal of Forest Research 44, 521-532."
Species_Lari_Lar_v1,"biomass (tons/ha x 100, see supplementary material for species definition)",250 m,"Beaudoin A., Bernier P.Y., Guindon L., Villemaire P., Guo X.J., Stinson G., . . . Hall R.J. (2014) Mapping attributes of Canada’s forests at moderate resolution through kNN and MODIS imagery. Canadian Journal of Forest Research 44, 521-532."
Species_Lari_Lya_v1,"biomass (tons/ha x 100, see supplementary material for species definition)",250 m,"Beaudoin A., Bernier P.Y., Guindon L., Villemaire P., Guo X.J., Stinson G., . . . Hall R.J. (2014) Mapping attributes of Canada’s forests at moderate resolution through kNN and MODIS imagery. Canadian Journal of Forest Research 44, 521-532."
Species_Lari_Occ_v1,"biomass (tons/ha x 100, see supplementary material for species definition)",250 m,"Beaudoin A., Bernier P.Y., Guindon L., Villemaire P., Guo X.J., Stinson G., . . . Hall R.J. (2014) Mapping attributes of Canada’s forests at moderate resolution through kNN and MODIS imagery. Canadian Journal of Forest Research 44, 521-532."
Species_Lari_Spp_v1,"biomass (tons/ha x 100, see supplementary material for species definition)",250 m,"Beaudoin A., Bernier P.Y., Guindon L., Villemaire P., Guo X.J., Stinson G., . . . Hall R.J. (2014) Mapping attributes of Canada’s forests at moderate resolution through kNN and MODIS imagery. Canadian Journal of Forest Research 44, 521-532."
Species_Malu_Spp_v1,"biomass (tons/ha x 100, see supplementary material for species definition)",250 m,"Beaudoin A., Bernier P.Y., Guindon L., Villemaire P., Guo X.J., Stinson G., . . . Hall R.J. (2014) Mapping attributes of Canada’s forests at moderate resolution through kNN and MODIS imagery. Canadian Journal of Forest Research 44, 521-532."
Species_Ostr_Vir_v1,"biomass (tons/ha x 100, see supplementary material for species definition)",250 m,"Beaudoin A., Bernier P.Y., Guindon L., Villemaire P., Guo X.J., Stinson G., . . . Hall R.J. (2014) Mapping attributes of Canada’s forests at moderate resolution through kNN and MODIS imagery. Canadian Journal of Forest Research 44, 521-532."
Species_Pice_Abi_v1,"biomass (tons/ha x 100, see supplementary material for species definition)",250 m,"Beaudoin A., Bernier P.Y., Guindon L., Villemaire P., Guo X.J., Stinson G., . . . Hall R.J. (2014) Mapping attributes of Canada’s forests at moderate resolution through kNN and MODIS imagery. Canadian Journal of Forest Research 44, 521-532."
Species_Pice_Eng_v1,"biomass (tons/ha x 100, see supplementary material for species definition)",250 m,"Beaudoin A., Bernier P.Y., Guindon L., Villemaire P., Guo X.J., Stinson G., . . . Hall R.J. (2014) Mapping attributes of Canada’s forests at moderate resolution through kNN and MODIS imagery. Canadian Journal of Forest Research 44, 521-532."
Species_Pice_Gla_v1,"biomass (tons/ha x 100, see supplementary material for species definition)",250 m,"Beaudoin A., Bernier P.Y., Guindon L., Villemaire P., Guo X.J., Stinson G., . . . Hall R.J. (2014) Mapping attributes of Canada’s forests at moderate resolution through kNN and MODIS imagery. Canadian Journal of Forest Research 44, 521-532."
Species_Pice_Mar_v1,"biomass (tons/ha x 100, see supplementary material for species definition)",250 m,"Beaudoin A., Bernier P.Y., Guindon L., Villemaire P., Guo X.J., Stinson G., . . . Hall R.J. (2014) Mapping attributes of Canada’s forests at moderate resolution through kNN and MODIS imagery. Canadian Journal of Forest Research 44, 521-532."
Species_Pice_Rub_v1,"biomass (tons/ha x 100, see supplementary material for species definition)",250 m,"Beaudoin A., Bernier P.Y., Guindon L., Villemaire P., Guo X.J., Stinson G., . . . Hall R.J. (2014) Mapping attributes of Canada’s forests at moderate resolution through kNN and MODIS imagery. Canadian Journal of Forest Research 44, 521-532."
Species_Pice_Sit_v1,"biomass (tons/ha x 100, see supplementary material for species definition)",250 m,"Beaudoin A., Bernier P.Y., Guindon L., Villemaire P., Guo X.J., Stinson G., . . . Hall R.J. (2014) Mapping attributes of Canada’s forests at moderate resolution through kNN and MODIS imagery. Canadian Journal of Forest Research 44, 521-532."
Species_Pice_Spp_v1,"biomass (tons/ha x 100, see supplementary material for species definition)",250 m,"Beaudoin A., Bernier P.Y., Guindon L., Villemaire P., Guo X.J., Stinson G., . . . Hall R.J. (2014) Mapping attributes of Canada’s forests at moderate resolution through kNN and MODIS imagery. Canadian Journal of Forest Research 44, 521-532."
Species_Pinu_Alb_v1,"biomass (tons/ha x 100, see supplementary material for species definition)",250 m,"Beaudoin A., Bernier P.Y., Guindon L., Villemaire P., Guo X.J., Stinson G., . . . Hall R.J. (2014) Mapping attributes of Canada’s forests at moderate resolution through kNN and MODIS imagery. Canadian Journal of Forest Research 44, 521-532."
Species_Pinu_Ban_v1,"biomass (tons/ha x 100, see supplementary material for species definition)",250 m,"Beaudoin A., Bernier P.Y., Guindon L., Villemaire P., Guo X.J., Stinson G., . . . Hall R.J. (2014) Mapping attributes of Canada’s forests at moderate resolution through kNN and MODIS imagery. Canadian Journal of Forest Research 44, 521-532."
Species_Pinu_Con_v1,"biomass (tons/ha x 100, see supplementary material for species definition)",250 m,"Beaudoin A., Bernier P.Y., Guindon L., Villemaire P., Guo X.J., Stinson G., . . . Hall R.J. (2014) Mapping attributes of Canada’s forests at moderate resolution through kNN and MODIS imagery. Canadian Journal of Forest Research 44, 521-532."
Species_Pinu_Mon_v1,"biomass (tons/ha x 100, see supplementary material for species definition)",250 m,"Beaudoin A., Bernier P.Y., Guindon L., Villemaire P., Guo X.J., Stinson G., . . . Hall R.J. (2014) Mapping attributes of Canada’s forests at moderate resolution through kNN and MODIS imagery. Canadian Journal of Forest Research 44, 521-532."
Species_Pinu_Pon_v1,"biomass (tons/ha x 100, see supplementary material for species definition)",250 m,"Beaudoin A., Bernier P.Y., Guindon L., Villemaire P., Guo X.J., Stinson G., . . . Hall R.J. (2014) Mapping attributes of Canada’s forests at moderate resolution through kNN and MODIS imagery. Canadian Journal of Forest Research 44, 521-532."
Species_Pinu_Res_v1,"biomass (tons/ha x 100, see supplementary material for species definition)",250 m,"Beaudoin A., Bernier P.Y., Guindon L., Villemaire P., Guo X.J., Stinson G., . . . Hall R.J. (2014) Mapping attributes of Canada’s forests at moderate resolution through kNN and MODIS imagery. Canadian Journal of Forest Research 44, 521-532."
Species_Pinu_Spp_v1,"biomass (tons/ha x 100, see supplementary material for species definition)",250 m,"Beaudoin A., Bernier P.Y., Guindon L., Villemaire P., Guo X.J., Stinson G., . . . Hall R.J. (2014) Mapping attributes of Canada’s forests at moderate resolution through kNN and MODIS imagery. Canadian Journal of Forest Research 44, 521-532."
Species_Pinu_Str_v1,"biomass (tons/ha x 100, see supplementary material for species definition)",250 m,"Beaudoin A., Bernier P.Y., Guindon L., Villemaire P., Guo X.J., Stinson G., . . . Hall R.J. (2014) Mapping attributes of Canada’s forests at moderate resolution through kNN and MODIS imagery. Canadian Journal of Forest Research 44, 521-532."
Species_Pinu_Syl_v1,"biomass (tons/ha x 100, see supplementary material for species definition)",250 m,"Beaudoin A., Bernier P.Y., Guindon L., Villemaire P., Guo X.J., Stinson G., . . . Hall R.J. (2014) Mapping attributes of Canada’s forests at moderate resolution through kNN and MODIS imagery. Canadian Journal of Forest Research 44, 521-532."
Species_Popu_Bal_v1,"biomass (tons/ha x 100, see supplementary material for species definition)",250 m,"Beaudoin A., Bernier P.Y., Guindon L., Villemaire P., Guo X.J., Stinson G., . . . Hall R.J. (2014) Mapping attributes of Canada’s forests at moderate resolution through kNN and MODIS imagery. Canadian Journal of Forest Research 44, 521-532."
Species_Popu_Gra_v1,"biomass (tons/ha x 100, see supplementary material for species definition)",250 m,"Beaudoin A., Bernier P.Y., Guindon L., Villemaire P., Guo X.J., Stinson G., . . . Hall R.J. (2014) Mapping attributes of Canada’s forests at moderate resolution through kNN and MODIS imagery. Canadian Journal of Forest Research 44, 521-532."
Species_Popu_Spp_v1,"biomass (tons/ha x 100, see supplementary material for species definition)",250 m,"Beaudoin A., Bernier P.Y., Guindon L., Villemaire P., Guo X.J., Stinson G., . . . Hall R.J. (2014) Mapping attributes of Canada’s forests at moderate resolution through kNN and MODIS imagery. Canadian Journal of Forest Research 44, 521-532."
Species_Popu_Tre_v1,"biomass (tons/ha x 100, see supplementary material for species definition)",250 m,"Beaudoin A., Bernier P.Y., Guindon L., Villemaire P., Guo X.J., Stinson G., . . . Hall R.J. (2014) Mapping attributes of Canada’s forests at moderate resolution through kNN and MODIS imagery. Canadian Journal of Forest Research 44, 521-532."
Species_Popu_Tri_v1,"biomass (tons/ha x 100, see supplementary material for species definition)",250 m,"Beaudoin A., Bernier P.Y., Guindon L., Villemaire P., Guo X.J., Stinson G., . . . Hall R.J. (2014) Mapping attributes of Canada’s forests at moderate resolution through kNN and MODIS imagery. Canadian Journal of Forest Research 44, 521-532."
Species_Prun_Pen_v1,"biomass (tons/ha x 100, see supplementary material for species definition)",250 m,"Beaudoin A., Bernier P.Y., Guindon L., Villemaire P., Guo X.J., Stinson G., . . . Hall R.J. (2014) Mapping attributes of Canada’s forests at moderate resolution through kNN and MODIS imagery. Canadian Journal of Forest Research 44, 521-532."
Species_Prun_Ser_v1,"biomass (tons/ha x 100, see supplementary material for species definition)",250 m,"Beaudoin A., Bernier P.Y., Guindon L., Villemaire P., Guo X.J., Stinson G., . . . Hall R.J. (2014) Mapping attributes of Canada’s forests at moderate resolution through kNN and MODIS imagery. Canadian Journal of Forest Research 44, 521-532."
Species_Pseu_Men_v1,"biomass (tons/ha x 100, see supplementary material for species definition)",250 m,"Beaudoin A., Bernier P.Y., Guindon L., Villemaire P., Guo X.J., Stinson G., . . . Hall R.J. (2014) Mapping attributes of Canada’s forests at moderate resolution through kNN and MODIS imagery. Canadian Journal of Forest Research 44, 521-532."
Species_Quer_Alb_v1,"biomass (tons/ha x 100, see supplementary material for species definition)",250 m,"Beaudoin A., Bernier P.Y., Guindon L., Villemaire P., Guo X.J., Stinson G., . . . Hall R.J. (2014) Mapping attributes of Canada’s forests at moderate resolution through kNN and MODIS imagery. Canadian Journal of Forest Research 44, 521-532."
Species_Quer_Mac_v1,"biomass (tons/ha x 100, see supplementary material for species definition)",250 m,"Beaudoin A., Bernier P.Y., Guindon L., Villemaire P., Guo X.J., Stinson G., . . . Hall R.J. (2014) Mapping attributes of Canada’s forests at moderate resolution through kNN and MODIS imagery. Canadian Journal of Forest Research 44, 521-532."
Species_Quer_Rub_v1,"biomass (tons/ha x 100, see supplementary material for species definition)",250 m,"Beaudoin A., Bernier P.Y., Guindon L., Villemaire P., Guo X.J., Stinson G., . . . Hall R.J. (2014) Mapping attributes of Canada’s forests at moderate resolution through kNN and MODIS imagery. Canadian Journal of Forest Research 44, 521-532."
Species_Quer_Spp_v1,"biomass (tons/ha x 100, see supplementary material for species definition)",250 m,"Beaudoin A., Bernier P.Y., Guindon L., Villemaire P., Guo X.J., Stinson G., . . . Hall R.J. (2014) Mapping attributes of Canada’s forests at moderate resolution through kNN and MODIS imagery. Canadian Journal of Forest Research 44, 521-532."
Species_Sali_Spp_v1,"biomass (tons/ha x 100, see supplementary material for species definition)",250 m,"Beaudoin A., Bernier P.Y., Guindon L., Villemaire P., Guo X.J., Stinson G., . . . Hall R.J. (2014) Mapping attributes of Canada’s forests at moderate resolution through kNN and MODIS imagery. Canadian Journal of Forest Research 44, 521-532."
Species_Sorb_Ame_v1,"biomass (tons/ha x 100, see supplementary material for species definition)",250 m,"Beaudoin A., Bernier P.Y., Guindon L., Villemaire P., Guo X.J., Stinson G., . . . Hall R.J. (2014) Mapping attributes of Canada’s forests at moderate resolution through kNN and MODIS imagery. Canadian Journal of Forest Research 44, 521-532."
Species_Thuj_Occ_v1,"biomass (tons/ha x 100, see supplementary material for species definition)",250 m,"Beaudoin A., Bernier P.Y., Guindon L., Villemaire P., Guo X.J., Stinson G., . . . Hall R.J. (2014) Mapping attributes of Canada’s forests at moderate resolution through kNN and MODIS imagery. Canadian Journal of Forest Research 44, 521-532."
Species_Thuj_Pli_v1,"biomass (tons/ha x 100, see supplementary material for species definition)",250 m,"Beaudoin A., Bernier P.Y., Guindon L., Villemaire P., Guo X.J., Stinson G., . . . Hall R.J. (2014) Mapping attributes of Canada’s forests at moderate resolution through kNN and MODIS imagery. Canadian Journal of Forest Research 44, 521-532."
Species_Tili_Ame_v1,"biomass (tons/ha x 100, see supplementary material for species definition)",250 m,"Beaudoin A., Bernier P.Y., Guindon L., Villemaire P., Guo X.J., Stinson G., . . . Hall R.J. (2014) Mapping attributes of Canada’s forests at moderate resolution through kNN and MODIS imagery. Canadian Journal of Forest Research 44, 521-532."
Species_Tsug_Can_v1,"biomass (tons/ha x 100, see supplementary material for species definition)",250 m,"Beaudoin A., Bernier P.Y., Guindon L., Villemaire P., Guo X.J., Stinson G., . . . Hall R.J. (2014) Mapping attributes of Canada’s forests at moderate resolution through kNN and MODIS imagery. Canadian Journal of Forest Research 44, 521-532."
Species_Tsug_Het_v1,"biomass (tons/ha x 100, see supplementary material for species definition)",250 m,"Beaudoin A., Bernier P.Y., Guindon L., Villemaire P., Guo X.J., Stinson G., . . . Hall R.J. (2014) Mapping attributes of Canada’s forests at moderate resolution through kNN and MODIS imagery. Canadian Journal of Forest Research 44, 521-532."
Species_Tsug_Mer_v1,"biomass (tons/ha x 100, see supplementary material for species definition)",250 m,"Beaudoin A., Bernier P.Y., Guindon L., Villemaire P., Guo X.J., Stinson G., . . . Hall R.J. (2014) Mapping attributes of Canada’s forests at moderate resolution through kNN and MODIS imagery. Canadian Journal of Forest Research 44, 521-532."
Species_Tsug_Spp_v1,"biomass (tons/ha x 100, see supplementary material for species definition)",250 m,"Beaudoin A., Bernier P.Y., Guindon L., Villemaire P., Guo X.J., Stinson G., . . . Hall R.J. (2014) Mapping attributes of Canada’s forests at moderate resolution through kNN and MODIS imagery. Canadian Journal of Forest Research 44, 521-532."
Species_Ulmu_Ame_v1,"biomass (tons/ha x 100, see supplementary material for species definition)",250 m,"Beaudoin A., Bernier P.Y., Guindon L., Villemaire P., Guo X.J., Stinson G., . . . Hall R.J. (2014) Mapping attributes of Canada’s forests at moderate resolution through kNN and MODIS imagery. Canadian Journal of Forest Research 44, 521-532."
SpeciesGroups_Broadleaf_Spp_v1,"biomass (tons/ha x 100, see supplementary material for species definition)",250 m,"Beaudoin A., Bernier P.Y., Guindon L., Villemaire P., Guo X.J., Stinson G., . . . Hall R.J. (2014) Mapping attributes of Canada’s forests at moderate resolution through kNN and MODIS imagery. Canadian Journal of Forest Research 44, 521-532."
SpeciesGroups_Needleleaf_Spp_v1,"biomass (tons/ha x 100, see supplementary material for species definition)",250 m,"Beaudoin A., Bernier P.Y., Guindon L., Villemaire P., Guo X.J., Stinson G., . . . Hall R.J. (2014) Mapping attributes of Canada’s forests at moderate resolution through kNN and MODIS imagery. Canadian Journal of Forest Research 44, 521-532."
SpeciesGroups_Unknown_Spp_v1,"biomass (tons/ha x 100, see supplementary material for species definition)",250 m,"Beaudoin A., Bernier P.Y., Guindon L., Villemaire P., Guo X.J., Stinson G., . . . Hall R.J. (2014) Mapping attributes of Canada’s forests at moderate resolution through kNN and MODIS imagery. Canadian Journal of Forest Research 44, 521-532."
Structure_Biomass_Branch_v1,Branch biomass (t/ha),250 m,"Beaudoin A., Bernier P.Y., Guindon L., Villemaire P., Guo X.J., Stinson G., . . . Hall R.J. (2014) Mapping attributes of Canada’s forests at moderate resolution through kNN and MODIS imagery. Canadian Journal of Forest Research 44, 521-532."
Structure_Biomass_Foliage_v1,Foliage biomass (t/ha),250 m,"Beaudoin A., Bernier P.Y., Guindon L., Villemaire P., Guo X.J., Stinson G., . . . Hall R.J. (2014) Mapping attributes of Canada’s forests at moderate resolution through kNN and MODIS imagery. Canadian Journal of Forest Research 44, 521-532."
Structure_Biomass_StemBark_v1,Stem bark biomass (t/ha),250 m,"Beaudoin A., Bernier P.Y., Guindon L., Villemaire P., Guo X.J., Stinson G., . . . Hall R.J. (2014) Mapping attributes of Canada’s forests at moderate resolution through kNN and MODIS imagery. Canadian Journal of Forest Research 44, 521-532."
Structure_Biomass_StemWood_v1,Stem wood biomass (t/ha),250 m,"Beaudoin A., Bernier P.Y., Guindon L., Villemaire P., Guo X.J., Stinson G., . . . Hall R.J. (2014) Mapping attributes of Canada’s forests at moderate resolution through kNN and MODIS imagery. Canadian Journal of Forest Research 44, 521-532."
Structure_Biomass_TotalDead_v1,Total dead biomass (t/ha),250 m,"Beaudoin A., Bernier P.Y., Guindon L., Villemaire P., Guo X.J., Stinson G., . . . Hall R.J. (2014) Mapping attributes of Canada’s forests at moderate resolution through kNN and MODIS imagery. Canadian Journal of Forest Research 44, 521-532."
Structure_Biomass_TotalLiveAboveGround_v1,Total live aboveground biomass (t/ha),250 m,"Beaudoin A., Bernier P.Y., Guindon L., Villemaire P., Guo X.J., Stinson G., . . . Hall R.J. (2014) Mapping attributes of Canada’s forests at moderate resolution through kNN and MODIS imagery. Canadian Journal of Forest Research 44, 521-532."
Structure_Stand_Age_v1,Stand age (m),250 m,"Beaudoin A., Bernier P.Y., Guindon L., Villemaire P., Guo X.J., Stinson G., . . . Hall R.J. (2014) Mapping attributes of Canada’s forests at moderate resolution through kNN and MODIS imagery. Canadian Journal of Forest Research 44, 521-532."
Structure_Stand_CrownClosure_v1,Crown closure (%),250 m,"Beaudoin A., Bernier P.Y., Guindon L., Villemaire P., Guo X.J., Stinson G., . . . Hall R.J. (2014) Mapping attributes of Canada’s forests at moderate resolution through kNN and MODIS imagery. Canadian Journal of Forest Research 44, 521-532."
Structure_Stand_Height_v1,Stand height (m),250 m,"Beaudoin A., Bernier P.Y., Guindon L., Villemaire P., Guo X.J., Stinson G., . . . Hall R.J. (2014) Mapping attributes of Canada’s forests at moderate resolution through kNN and MODIS imagery. Canadian Journal of Forest Research 44, 521-532."
Structure_Volume_Merch_v1,Merchantable volume (m3/ha),250 m,"Beaudoin A., Bernier P.Y., Guindon L., Villemaire P., Guo X.J., Stinson G., . . . Hall R.J. (2014) Mapping attributes of Canada’s forests at moderate resolution through kNN and MODIS imagery. Canadian Journal of Forest Research 44, 521-532."
Structure_Volume_Total_v1,Total volume (m3/ha),250 m,"Beaudoin A., Bernier P.Y., Guindon L., Villemaire P., Guo X.J., Stinson G., . . . Hall R.J. (2014) Mapping attributes of Canada’s forests at moderate resolution through kNN and MODIS imagery. Canadian Journal of Forest Research 44, 521-532."
LandCover_NonVeg_v1.1,Landscape proportion with Gaussian filter (sigma = 750) ,250 m,"Beaudoin A., Bernier P.Y., Guindon L., Villemaire P., Guo X.J., Stinson G., . . . Hall R.J. (2014) Mapping attributes of Canada’s forests at moderate resolution through kNN and MODIS imagery. Canadian Journal of Forest Research 44, 521-532."
LandCover_Veg_v1.1,Landscape proportion with Gaussian filter (sigma = 750) ,250 m,"Beaudoin A., Bernier P.Y., Guindon L., Villemaire P., Guo X.J., Stinson G., . . . Hall R.J. (2014) Mapping attributes of Canada’s forests at moderate resolution through kNN and MODIS imagery. Canadian Journal of Forest Research 44, 521-532."
LandCover_VegNonTreed_v1.1,Landscape proportion with Gaussian filter (sigma = 750) ,250 m,"Beaudoin A., Bernier P.Y., Guindon L., Villemaire P., Guo X.J., Stinson G., . . . Hall R.J. (2014) Mapping attributes of Canada’s forests at moderate resolution through kNN and MODIS imagery. Canadian Journal of Forest Research 44, 521-532."
LandCover_VegTreed_v1.1,Landscape proportion with Gaussian filter (sigma = 750) ,250 m,"Beaudoin A., Bernier P.Y., Guindon L., Villemaire P., Guo X.J., Stinson G., . . . Hall R.J. (2014) Mapping attributes of Canada’s forests at moderate resolution through kNN and MODIS imagery. Canadian Journal of Forest Research 44, 521-532."
Landsc750_Abie_Ama_v1,Landscape proportion with Gaussian filter (sigma = 750) ,250 m,"Beaudoin A., Bernier P.Y., Guindon L., Villemaire P., Guo X.J., Stinson G., . . . Hall R.J. (2014) Mapping attributes of Canada’s forests at moderate resolution through kNN and MODIS imagery. Canadian Journal of Forest Research 44, 521-532."
Landsc750_Abie_Bal_v1,Landscape proportion with Gaussian filter (sigma = 750) ,250 m,"Beaudoin A., Bernier P.Y., Guindon L., Villemaire P., Guo X.J., Stinson G., . . . Hall R.J. (2014) Mapping attributes of Canada’s forests at moderate resolution through kNN and MODIS imagery. Canadian Journal of Forest Research 44, 521-532."
Landsc750_Abie_Las_v1,Landscape proportion with Gaussian filter (sigma = 750) ,250 m,"Beaudoin A., Bernier P.Y., Guindon L., Villemaire P., Guo X.J., Stinson G., . . . Hall R.J. (2014) Mapping attributes of Canada’s forests at moderate resolution through kNN and MODIS imagery. Canadian Journal of Forest Research 44, 521-532."
Landsc750_Abie_Spp_v1,Landscape proportion with Gaussian filter (sigma = 750) ,250 m,"Beaudoin A., Bernier P.Y., Guindon L., Villemaire P., Guo X.J., Stinson G., . . . Hall R.J. (2014) Mapping attributes of Canada’s forests at moderate resolution through kNN and MODIS imagery. Canadian Journal of Forest Research 44, 521-532."
Landsc750_Acer_Mac_v1,Landscape proportion with Gaussian filter (sigma = 750) ,250 m,"Beaudoin A., Bernier P.Y., Guindon L., Villemaire P., Guo X.J., Stinson G., . . . Hall R.J. (2014) Mapping attributes of Canada’s forests at moderate resolution through kNN and MODIS imagery. Canadian Journal of Forest Research 44, 521-532."
Landsc750_Acer_Neg_v1,Landscape proportion with Gaussian filter (sigma = 750) ,250 m,"Beaudoin A., Bernier P.Y., Guindon L., Villemaire P., Guo X.J., Stinson G., . . . Hall R.J. (2014) Mapping attributes of Canada’s forests at moderate resolution through kNN and MODIS imagery. Canadian Journal of Forest Research 44, 521-532."
Landsc750_Acer_Pen_v1,Landscape proportion with Gaussian filter (sigma = 750) ,250 m,"Beaudoin A., Bernier P.Y., Guindon L., Villemaire P., Guo X.J., Stinson G., . . . Hall R.J. (2014) Mapping attributes of Canada’s forests at moderate resolution through kNN and MODIS imagery. Canadian Journal of Forest Research 44, 521-532."
Landsc750_Acer_Rub_v1,Landscape proportion with Gaussian filter (sigma = 750) ,250 m,"Beaudoin A., Bernier P.Y., Guindon L., Villemaire P., Guo X.J., Stinson G., . . . Hall R.J. (2014) Mapping attributes of Canada’s forests at moderate resolution through kNN and MODIS imagery. Canadian Journal of Forest Research 44, 521-532."
Landsc750_Acer_Sac_v1,Landscape proportion with Gaussian filter (sigma = 750) ,250 m,"Beaudoin A., Bernier P.Y., Guindon L., Villemaire P., Guo X.J., Stinson G., . . . Hall R.J. (2014) Mapping attributes of Canada’s forests at moderate resolution through kNN and MODIS imagery. Canadian Journal of Forest Research 44, 521-532."
Landsc750_Acer_Sah_v1,Landscape proportion with Gaussian filter (sigma = 750) ,250 m,"Beaudoin A., Bernier P.Y., Guindon L., Villemaire P., Guo X.J., Stinson G., . . . Hall R.J. (2014) Mapping attributes of Canada’s forests at moderate resolution through kNN and MODIS imagery. Canadian Journal of Forest Research 44, 521-532."
Landsc750_Acer_Spi_v1,Landscape proportion with Gaussian filter (sigma = 750) ,250 m,"Beaudoin A., Bernier P.Y., Guindon L., Villemaire P., Guo X.J., Stinson G., . . . Hall R.J. (2014) Mapping attributes of Canada’s forests at moderate resolution through kNN and MODIS imagery. Canadian Journal of Forest Research 44, 521-532."
Landsc750_Acer_Spp_v1,Landscape proportion with Gaussian filter (sigma = 750) ,250 m,"Beaudoin A., Bernier P.Y., Guindon L., Villemaire P., Guo X.J., Stinson G., . . . Hall R.J. (2014) Mapping attributes of Canada’s forests at moderate resolution through kNN and MODIS imagery. Canadian Journal of Forest Research 44, 521-532."
Landsc750_Alnu_Rub_v1,Landscape proportion with Gaussian filter (sigma = 750) ,250 m,"Beaudoin A., Bernier P.Y., Guindon L., Villemaire P., Guo X.J., Stinson G., . . . Hall R.J. (2014) Mapping attributes of Canada’s forests at moderate resolution through kNN and MODIS imagery. Canadian Journal of Forest Research 44, 521-532."
Landsc750_Alnu_Spp_v1,Landscape proportion with Gaussian filter (sigma = 750) ,250 m,"Beaudoin A., Bernier P.Y., Guindon L., Villemaire P., Guo X.J., Stinson G., . . . Hall R.J. (2014) Mapping attributes of Canada’s forests at moderate resolution through kNN and MODIS imagery. Canadian Journal of Forest Research 44, 521-532."
Landsc750_Arbu_Men_v1,Landscape proportion with Gaussian filter (sigma = 750) ,250 m,"Beaudoin A., Bernier P.Y., Guindon L., Villemaire P., Guo X.J., Stinson G., . . . Hall R.J. (2014) Mapping attributes of Canada’s forests at moderate resolution through kNN and MODIS imagery. Canadian Journal of Forest Research 44, 521-532."
Landsc750_Betu_All_v1,Landscape proportion with Gaussian filter (sigma = 750) ,250 m,"Beaudoin A., Bernier P.Y., Guindon L., Villemaire P., Guo X.J., Stinson G., . . . Hall R.J. (2014) Mapping attributes of Canada’s forests at moderate resolution through kNN and MODIS imagery. Canadian Journal of Forest Research 44, 521-532."
Landsc750_Betu_Pap_v1,Landscape proportion with Gaussian filter (sigma = 750) ,250 m,"Beaudoin A., Bernier P.Y., Guindon L., Villemaire P., Guo X.J., Stinson G., . . . Hall R.J. (2014) Mapping attributes of Canada’s forests at moderate resolution through kNN and MODIS imagery. Canadian Journal of Forest Research 44, 521-532."
Landsc750_Betu_Pop_v1,Landscape proportion with Gaussian filter (sigma = 750) ,250 m,"Beaudoin A., Bernier P.Y., Guindon L., Villemaire P., Guo X.J., Stinson G., . . . Hall R.J. (2014) Mapping attributes of Canada’s forests at moderate resolution through kNN and MODIS imagery. Canadian Journal of Forest Research 44, 521-532."
Landsc750_Betu_Spp_v1,Landscape proportion with Gaussian filter (sigma = 750) ,250 m,"Beaudoin A., Bernier P.Y., Guindon L., Villemaire P., Guo X.J., Stinson G., . . . Hall R.J. (2014) Mapping attributes of Canada’s forests at moderate resolution through kNN and MODIS imagery. Canadian Journal of Forest Research 44, 521-532."
Landsc750_Carp_Car_v1,Landscape proportion with Gaussian filter (sigma = 750) ,250 m,"Beaudoin A., Bernier P.Y., Guindon L., Villemaire P., Guo X.J., Stinson G., . . . Hall R.J. (2014) Mapping attributes of Canada’s forests at moderate resolution through kNN and MODIS imagery. Canadian Journal of Forest Research 44, 521-532."
Landsc750_Cary_Cor_v1,Landscape proportion with Gaussian filter (sigma = 750) ,250 m,"Beaudoin A., Bernier P.Y., Guindon L., Villemaire P., Guo X.J., Stinson G., . . . Hall R.J. (2014) Mapping attributes of Canada’s forests at moderate resolution through kNN and MODIS imagery. Canadian Journal of Forest Research 44, 521-532."
Landsc750_Cham_Noo_v1,Landscape proportion with Gaussian filter (sigma = 750) ,250 m,"Beaudoin A., Bernier P.Y., Guindon L., Villemaire P., Guo X.J., Stinson G., . . . Hall R.J. (2014) Mapping attributes of Canada’s forests at moderate resolution through kNN and MODIS imagery. Canadian Journal of Forest Research 44, 521-532."
Landsc750_Fagu_Gra_v1,Landscape proportion with Gaussian filter (sigma = 750) ,250 m,"Beaudoin A., Bernier P.Y., Guindon L., Villemaire P., Guo X.J., Stinson G., . . . Hall R.J. (2014) Mapping attributes of Canada’s forests at moderate resolution through kNN and MODIS imagery. Canadian Journal of Forest Research 44, 521-532."
Landsc750_Frax_Ame_v1,Landscape proportion with Gaussian filter (sigma = 750) ,250 m,"Beaudoin A., Bernier P.Y., Guindon L., Villemaire P., Guo X.J., Stinson G., . . . Hall R.J. (2014) Mapping attributes of Canada’s forests at moderate resolution through kNN and MODIS imagery. Canadian Journal of Forest Research 44, 521-532."
Landsc750_Frax_Nig_v1,Landscape proportion with Gaussian filter (sigma = 750) ,250 m,"Beaudoin A., Bernier P.Y., Guindon L., Villemaire P., Guo X.J., Stinson G., . . . Hall R.J. (2014) Mapping attributes of Canada’s forests at moderate resolution through kNN and MODIS imagery. Canadian Journal of Forest Research 44, 521-532."
Landsc750_Frax_Pen_v1,Landscape proportion with Gaussian filter (sigma = 750) ,250 m,"Beaudoin A., Bernier P.Y., Guindon L., Villemaire P., Guo X.J., Stinson G., . . . Hall R.J. (2014) Mapping attributes of Canada’s forests at moderate resolution through kNN and MODIS imagery. Canadian Journal of Forest Research 44, 521-532."
Landsc750_Genc_Spp_v1,Landscape proportion with Gaussian filter (sigma = 750) ,250 m,"Beaudoin A., Bernier P.Y., Guindon L., Villemaire P., Guo X.J., Stinson G., . . . Hall R.J. (2014) Mapping attributes of Canada’s forests at moderate resolution through kNN and MODIS imagery. Canadian Journal of Forest Research 44, 521-532."
Landsc750_Genh_Spp_v1,Landscape proportion with Gaussian filter (sigma = 750) ,250 m,"Beaudoin A., Bernier P.Y., Guindon L., Villemaire P., Guo X.J., Stinson G., . . . Hall R.J. (2014) Mapping attributes of Canada’s forests at moderate resolution through kNN and MODIS imagery. Canadian Journal of Forest Research 44, 521-532."
Landsc750_Jugl_Cin_v1,Landscape proportion with Gaussian filter (sigma = 750) ,250 m,"Beaudoin A., Bernier P.Y., Guindon L., Villemaire P., Guo X.J., Stinson G., . . . Hall R.J. (2014) Mapping attributes of Canada’s forests at moderate resolution through kNN and MODIS imagery. Canadian Journal of Forest Research 44, 521-532."
Landsc750_Jugl_Nig_v1,Landscape proportion with Gaussian filter (sigma = 750) ,250 m,"Beaudoin A., Bernier P.Y., Guindon L., Villemaire P., Guo X.J., Stinson G., . . . Hall R.J. (2014) Mapping attributes of Canada’s forests at moderate resolution through kNN and MODIS imagery. Canadian Journal of Forest Research 44, 521-532."
Landsc750_Juni_Vir_v1,Landscape proportion with Gaussian filter (sigma = 750) ,250 m,"Beaudoin A., Bernier P.Y., Guindon L., Villemaire P., Guo X.J., Stinson G., . . . Hall R.J. (2014) Mapping attributes of Canada’s forests at moderate resolution through kNN and MODIS imagery. Canadian Journal of Forest Research 44, 521-532."
Landsc750_Lari_Lar_v1,Landscape proportion with Gaussian filter (sigma = 750) ,250 m,"Beaudoin A., Bernier P.Y., Guindon L., Villemaire P., Guo X.J., Stinson G., . . . Hall R.J. (2014) Mapping attributes of Canada’s forests at moderate resolution through kNN and MODIS imagery. Canadian Journal of Forest Research 44, 521-532."
Landsc750_Lari_Lya_v1,Landscape proportion with Gaussian filter (sigma = 750) ,250 m,"Beaudoin A., Bernier P.Y., Guindon L., Villemaire P., Guo X.J., Stinson G., . . . Hall R.J. (2014) Mapping attributes of Canada’s forests at moderate resolution through kNN and MODIS imagery. Canadian Journal of Forest Research 44, 521-532."
Landsc750_Lari_Occ_v1,Landscape proportion with Gaussian filter (sigma = 750) ,250 m,"Beaudoin A., Bernier P.Y., Guindon L., Villemaire P., Guo X.J., Stinson G., . . . Hall R.J. (2014) Mapping attributes of Canada’s forests at moderate resolution through kNN and MODIS imagery. Canadian Journal of Forest Research 44, 521-532."
Landsc750_Lari_Spp_v1,Landscape proportion with Gaussian filter (sigma = 750) ,250 m,"Beaudoin A., Bernier P.Y., Guindon L., Villemaire P., Guo X.J., Stinson G., . . . Hall R.J. (2014) Mapping attributes of Canada’s forests at moderate resolution through kNN and MODIS imagery. Canadian Journal of Forest Research 44, 521-532."
Landsc750_Malu_Spp_v1,Landscape proportion with Gaussian filter (sigma = 750) ,250 m,"Beaudoin A., Bernier P.Y., Guindon L., Villemaire P., Guo X.J., Stinson G., . . . Hall R.J. (2014) Mapping attributes of Canada’s forests at moderate resolution through kNN and MODIS imagery. Canadian Journal of Forest Research 44, 521-532."
Landsc750_Ostr_Vir_v1,Landscape proportion with Gaussian filter (sigma = 750) ,250 m,"Beaudoin A., Bernier P.Y., Guindon L., Villemaire P., Guo X.J., Stinson G., . . . Hall R.J. (2014) Mapping attributes of Canada’s forests at moderate resolution through kNN and MODIS imagery. Canadian Journal of Forest Research 44, 521-532."
Landsc750_Pice_Abi_v1,Landscape proportion with Gaussian filter (sigma = 750) ,250 m,"Beaudoin A., Bernier P.Y., Guindon L., Villemaire P., Guo X.J., Stinson G., . . . Hall R.J. (2014) Mapping attributes of Canada’s forests at moderate resolution through kNN and MODIS imagery. Canadian Journal of Forest Research 44, 521-532."
Landsc750_Pice_Eng_v1,Landscape proportion with Gaussian filter (sigma = 750) ,250 m,"Beaudoin A., Bernier P.Y., Guindon L., Villemaire P., Guo X.J., Stinson G., . . . Hall R.J. (2014) Mapping attributes of Canada’s forests at moderate resolution through kNN and MODIS imagery. Canadian Journal of Forest Research 44, 521-532."
Landsc750_Pice_Gla_v1,Landscape proportion with Gaussian filter (sigma = 750) ,250 m,"Beaudoin A., Bernier P.Y., Guindon L., Villemaire P., Guo X.J., Stinson G., . . . Hall R.J. (2014) Mapping attributes of Canada’s forests at moderate resolution through kNN and MODIS imagery. Canadian Journal of Forest Research 44, 521-532."
Landsc750_Pice_Mar_v1,Landscape proportion with Gaussian filter (sigma = 750) ,250 m,"Beaudoin A., Bernier P.Y., Guindon L., Villemaire P., Guo X.J., Stinson G., . . . Hall R.J. (2014) Mapping attributes of Canada’s forests at moderate resolution through kNN and MODIS imagery. Canadian Journal of Forest Research 44, 521-532."
Landsc750_Pice_Rub_v1,Landscape proportion with Gaussian filter (sigma = 750) ,250 m,"Beaudoin A., Bernier P.Y., Guindon L., Villemaire P., Guo X.J., Stinson G., . . . Hall R.J. (2014) Mapping attributes of Canada’s forests at moderate resolution through kNN and MODIS imagery. Canadian Journal of Forest Research 44, 521-532."
Landsc750_Pice_Sit_v1,Landscape proportion with Gaussian filter (sigma = 750) ,250 m,"Beaudoin A., Bernier P.Y., Guindon L., Villemaire P., Guo X.J., Stinson G., . . . Hall R.J. (2014) Mapping attributes of Canada’s forests at moderate resolution through kNN and MODIS imagery. Canadian Journal of Forest Research 44, 521-532."
Landsc750_Pice_Spp_v1,Landscape proportion with Gaussian filter (sigma = 750) ,250 m,"Beaudoin A., Bernier P.Y., Guindon L., Villemaire P., Guo X.J., Stinson G., . . . Hall R.J. (2014) Mapping attributes of Canada’s forests at moderate resolution through kNN and MODIS imagery. Canadian Journal of Forest Research 44, 521-532."
Landsc750_Pinu_Alb_v1,Landscape proportion with Gaussian filter (sigma = 750) ,250 m,"Beaudoin A., Bernier P.Y., Guindon L., Villemaire P., Guo X.J., Stinson G., . . . Hall R.J. (2014) Mapping attributes of Canada’s forests at moderate resolution through kNN and MODIS imagery. Canadian Journal of Forest Research 44, 521-532."
Landsc750_Pinu_Ban_v1,Landscape proportion with Gaussian filter (sigma = 750) ,250 m,"Beaudoin A., Bernier P.Y., Guindon L., Villemaire P., Guo X.J., Stinson G., . . . Hall R.J. (2014) Mapping attributes of Canada’s forests at moderate resolution through kNN and MODIS imagery. Canadian Journal of Forest Research 44, 521-532."
Landsc750_Pinu_Con_v1,Landscape proportion with Gaussian filter (sigma = 750) ,250 m,"Beaudoin A., Bernier P.Y., Guindon L., Villemaire P., Guo X.J., Stinson G., . . . Hall R.J. (2014) Mapping attributes of Canada’s forests at moderate resolution through kNN and MODIS imagery. Canadian Journal of Forest Research 44, 521-532."
Landsc750_Pinu_Mon_v1,Landscape proportion with Gaussian filter (sigma = 750) ,250 m,"Beaudoin A., Bernier P.Y., Guindon L., Villemaire P., Guo X.J., Stinson G., . . . Hall R.J. (2014) Mapping attributes of Canada’s forests at moderate resolution through kNN and MODIS imagery. Canadian Journal of Forest Research 44, 521-532."
Landsc750_Pinu_Pon_v1,Landscape proportion with Gaussian filter (sigma = 750) ,250 m,"Beaudoin A., Bernier P.Y., Guindon L., Villemaire P., Guo X.J., Stinson G., . . . Hall R.J. (2014) Mapping attributes of Canada’s forests at moderate resolution through kNN and MODIS imagery. Canadian Journal of Forest Research 44, 521-532."
Landsc750_Pinu_Res_v1,Landscape proportion with Gaussian filter (sigma = 750) ,250 m,"Beaudoin A., Bernier P.Y., Guindon L., Villemaire P., Guo X.J., Stinson G., . . . Hall R.J. (2014) Mapping attributes of Canada’s forests at moderate resolution through kNN and MODIS imagery. Canadian Journal of Forest Research 44, 521-532."
Landsc750_Pinu_Spp_v1,Landscape proportion with Gaussian filter (sigma = 750) ,250 m,"Beaudoin A., Bernier P.Y., Guindon L., Villemaire P., Guo X.J., Stinson G., . . . Hall R.J. (2014) Mapping attributes of Canada’s forests at moderate resolution through kNN and MODIS imagery. Canadian Journal of Forest Research 44, 521-532."
Landsc750_Pinu_Str_v1,Landscape proportion with Gaussian filter (sigma = 750) ,250 m,"Beaudoin A., Bernier P.Y., Guindon L., Villemaire P., Guo X.J., Stinson G., . . . Hall R.J. (2014) Mapping attributes of Canada’s forests at moderate resolution through kNN and MODIS imagery. Canadian Journal of Forest Research 44, 521-532."
Landsc750_Pinu_Syl_v1,Landscape proportion with Gaussian filter (sigma = 750) ,250 m,"Beaudoin A., Bernier P.Y., Guindon L., Villemaire P., Guo X.J., Stinson G., . . . Hall R.J. (2014) Mapping attributes of Canada’s forests at moderate resolution through kNN and MODIS imagery. Canadian Journal of Forest Research 44, 521-532."
Landsc750_Popu_Bal_v1,Landscape proportion with Gaussian filter (sigma = 750) ,250 m,"Beaudoin A., Bernier P.Y., Guindon L., Villemaire P., Guo X.J., Stinson G., . . . Hall R.J. (2014) Mapping attributes of Canada’s forests at moderate resolution through kNN and MODIS imagery. Canadian Journal of Forest Research 44, 521-532."
Landsc750_Popu_Gra_v1,Landscape proportion with Gaussian filter (sigma = 750) ,250 m,"Beaudoin A., Bernier P.Y., Guindon L., Villemaire P., Guo X.J., Stinson G., . . . Hall R.J. (2014) Mapping attributes of Canada’s forests at moderate resolution through kNN and MODIS imagery. Canadian Journal of Forest Research 44, 521-532."
Landsc750_Popu_Spp_v1,Landscape proportion with Gaussian filter (sigma = 750) ,250 m,"Beaudoin A., Bernier P.Y., Guindon L., Villemaire P., Guo X.J., Stinson G., . . . Hall R.J. (2014) Mapping attributes of Canada’s forests at moderate resolution through kNN and MODIS imagery. Canadian Journal of Forest Research 44, 521-532."
Landsc750_Popu_Tre_v1,Landscape proportion with Gaussian filter (sigma = 750) ,250 m,"Beaudoin A., Bernier P.Y., Guindon L., Villemaire P., Guo X.J., Stinson G., . . . Hall R.J. (2014) Mapping attributes of Canada’s forests at moderate resolution through kNN and MODIS imagery. Canadian Journal of Forest Research 44, 521-532."
Landsc750_Popu_Tri_v1,Landscape proportion with Gaussian filter (sigma = 750) ,250 m,"Beaudoin A., Bernier P.Y., Guindon L., Villemaire P., Guo X.J., Stinson G., . . . Hall R.J. (2014) Mapping attributes of Canada’s forests at moderate resolution through kNN and MODIS imagery. Canadian Journal of Forest Research 44, 521-532."
Landsc750_Prun_Pen_v1,Landscape proportion with Gaussian filter (sigma = 750) ,250 m,"Beaudoin A., Bernier P.Y., Guindon L., Villemaire P., Guo X.J., Stinson G., . . . Hall R.J. (2014) Mapping attributes of Canada’s forests at moderate resolution through kNN and MODIS imagery. Canadian Journal of Forest Research 44, 521-532."
Landsc750_Prun_Ser_v1,Landscape proportion with Gaussian filter (sigma = 750) ,250 m,"Beaudoin A., Bernier P.Y., Guindon L., Villemaire P., Guo X.J., Stinson G., . . . Hall R.J. (2014) Mapping attributes of Canada’s forests at moderate resolution through kNN and MODIS imagery. Canadian Journal of Forest Research 44, 521-532."
Landsc750_Pseu_Men_v1,Landscape proportion with Gaussian filter (sigma = 750) ,250 m,"Beaudoin A., Bernier P.Y., Guindon L., Villemaire P., Guo X.J., Stinson G., . . . Hall R.J. (2014) Mapping attributes of Canada’s forests at moderate resolution through kNN and MODIS imagery. Canadian Journal of Forest Research 44, 521-532."
Landsc750_Quer_Alb_v1,Landscape proportion with Gaussian filter (sigma = 750) ,250 m,"Beaudoin A., Bernier P.Y., Guindon L., Villemaire P., Guo X.J., Stinson G., . . . Hall R.J. (2014) Mapping attributes of Canada’s forests at moderate resolution through kNN and MODIS imagery. Canadian Journal of Forest Research 44, 521-532."
Landsc750_Quer_Mac_v1,Landscape proportion with Gaussian filter (sigma = 750) ,250 m,"Beaudoin A., Bernier P.Y., Guindon L., Villemaire P., Guo X.J., Stinson G., . . . Hall R.J. (2014) Mapping attributes of Canada’s forests at moderate resolution through kNN and MODIS imagery. Canadian Journal of Forest Research 44, 521-532."
Landsc750_Quer_Rub_v1,Landscape proportion with Gaussian filter (sigma = 750) ,250 m,"Beaudoin A., Bernier P.Y., Guindon L., Villemaire P., Guo X.J., Stinson G., . . . Hall R.J. (2014) Mapping attributes of Canada’s forests at moderate resolution through kNN and MODIS imagery. Canadian Journal of Forest Research 44, 521-532."
Landsc750_Quer_Spp_v1,Landscape proportion with Gaussian filter (sigma = 750) ,250 m,"Beaudoin A., Bernier P.Y., Guindon L., Villemaire P., Guo X.J., Stinson G., . . . Hall R.J. (2014) Mapping attributes of Canada’s forests at moderate resolution through kNN and MODIS imagery. Canadian Journal of Forest Research 44, 521-532."
Landsc750_Sali_Spp_v1,Landscape proportion with Gaussian filter (sigma = 750) ,250 m,"Beaudoin A., Bernier P.Y., Guindon L., Villemaire P., Guo X.J., Stinson G., . . . Hall R.J. (2014) Mapping attributes of Canada’s forests at moderate resolution through kNN and MODIS imagery. Canadian Journal of Forest Research 44, 521-532."
Landsc750_Sorb_Ame_v1,Landscape proportion with Gaussian filter (sigma = 750) ,250 m,"Beaudoin A., Bernier P.Y., Guindon L., Villemaire P., Guo X.J., Stinson G., . . . Hall R.J. (2014) Mapping attributes of Canada’s forests at moderate resolution through kNN and MODIS imagery. Canadian Journal of Forest Research 44, 521-532."
Landsc750_Thuj_Occ_v1,Landscape proportion with Gaussian filter (sigma = 750) ,250 m,"Beaudoin A., Bernier P.Y., Guindon L., Villemaire P., Guo X.J., Stinson G., . . . Hall R.J. (2014) Mapping attributes of Canada’s forests at moderate resolution through kNN and MODIS imagery. Canadian Journal of Forest Research 44, 521-532."
Landsc750_Thuj_Pli_v1,Landscape proportion with Gaussian filter (sigma = 750) ,250 m,"Beaudoin A., Bernier P.Y., Guindon L., Villemaire P., Guo X.J., Stinson G., . . . Hall R.J. (2014) Mapping attributes of Canada’s forests at moderate resolution through kNN and MODIS imagery. Canadian Journal of Forest Research 44, 521-532."
Landsc750_Tili_Ame_v1,Landscape proportion with Gaussian filter (sigma = 750) ,250 m,"Beaudoin A., Bernier P.Y., Guindon L., Villemaire P., Guo X.J., Stinson G., . . . Hall R.J. (2014) Mapping attributes of Canada’s forests at moderate resolution through kNN and MODIS imagery. Canadian Journal of Forest Research 44, 521-532."
Landsc750_Tsug_Can_v1,Landscape proportion with Gaussian filter (sigma = 750) ,250 m,"Beaudoin A., Bernier P.Y., Guindon L., Villemaire P., Guo X.J., Stinson G., . . . Hall R.J. (2014) Mapping attributes of Canada’s forests at moderate resolution through kNN and MODIS imagery. Canadian Journal of Forest Research 44, 521-532."
Landsc750_Tsug_Het_v1,Landscape proportion with Gaussian filter (sigma = 750) ,250 m,"Beaudoin A., Bernier P.Y., Guindon L., Villemaire P., Guo X.J., Stinson G., . . . Hall R.J. (2014) Mapping attributes of Canada’s forests at moderate resolution through kNN and MODIS imagery. Canadian Journal of Forest Research 44, 521-532."
Landsc750_Tsug_Mer_v1,Landscape proportion with Gaussian filter (sigma = 750) ,250 m,"Beaudoin A., Bernier P.Y., Guindon L., Villemaire P., Guo X.J., Stinson G., . . . Hall R.J. (2014) Mapping attributes of Canada’s forests at moderate resolution through kNN and MODIS imagery. Canadian Journal of Forest Research 44, 521-532."
Landsc750_Tsug_Spp_v1,Landscape proportion with Gaussian filter (sigma = 750) ,250 m,"Beaudoin A., Bernier P.Y., Guindon L., Villemaire P., Guo X.J., Stinson G., . . . Hall R.J. (2014) Mapping attributes of Canada’s forests at moderate resolution through kNN and MODIS imagery. Canadian Journal of Forest Research 44, 521-532."
Landsc750_Ulmu_Ame_v1,Landscape proportion with Gaussian filter (sigma = 750) ,250 m,"Beaudoin A., Bernier P.Y., Guindon L., Villemaire P., Guo X.J., Stinson G., . . . Hall R.J. (2014) Mapping attributes of Canada’s forests at moderate resolution through kNN and MODIS imagery. Canadian Journal of Forest Research 44, 521-532."
Landsc750_Broadleaf_Spp_v1,Landscape proportion with Gaussian filter (sigma = 750) ,250 m,"Beaudoin A., Bernier P.Y., Guindon L., Villemaire P., Guo X.J., Stinson G., . . . Hall R.J. (2014) Mapping attributes of Canada’s forests at moderate resolution through kNN and MODIS imagery. Canadian Journal of Forest Research 44, 521-532."
Landsc750_Needleleaf_Spp_v1,Landscape proportion with Gaussian filter (sigma = 750) ,250 m,"Beaudoin A., Bernier P.Y., Guindon L., Villemaire P., Guo X.J., Stinson G., . . . Hall R.J. (2014) Mapping attributes of Canada’s forests at moderate resolution through kNN and MODIS imagery. Canadian Journal of Forest Research 44, 521-532."
Landsc750_Unknown_Spp_v1,Landscape proportion with Gaussian filter (sigma = 750) ,250 m,"Beaudoin A., Bernier P.Y., Guindon L., Villemaire P., Guo X.J., Stinson G., . . . Hall R.J. (2014) Mapping attributes of Canada’s forests at moderate resolution through kNN and MODIS imagery. Canadian Journal of Forest Research 44, 521-532."
Landsc750_Biomass_Branch_v1,Landscape proportion with Gaussian filter (sigma = 750) ,250 m,"Beaudoin A., Bernier P.Y., Guindon L., Villemaire P., Guo X.J., Stinson G., . . . Hall R.J. (2014) Mapping attributes of Canada’s forests at moderate resolution through kNN and MODIS imagery. Canadian Journal of Forest Research 44, 521-532."
Landsc750_Biomass_Foliage_v1,Landscape proportion with Gaussian filter (sigma = 750) ,250 m,"Beaudoin A., Bernier P.Y., Guindon L., Villemaire P., Guo X.J., Stinson G., . . . Hall R.J. (2014) Mapping attributes of Canada’s forests at moderate resolution through kNN and MODIS imagery. Canadian Journal of Forest Research 44, 521-532."
Landsc750_Biomass_StemBark_v1,Landscape proportion with Gaussian filter (sigma = 750) ,250 m,"Beaudoin A., Bernier P.Y., Guindon L., Villemaire P., Guo X.J., Stinson G., . . . Hall R.J. (2014) Mapping attributes of Canada’s forests at moderate resolution through kNN and MODIS imagery. Canadian Journal of Forest Research 44, 521-532."
Landsc750_Biomass_StemWood_v1,Landscape proportion with Gaussian filter (sigma = 750) ,250 m,"Beaudoin A., Bernier P.Y., Guindon L., Villemaire P., Guo X.J., Stinson G., . . . Hall R.J. (2014) Mapping attributes of Canada’s forests at moderate resolution through kNN and MODIS imagery. Canadian Journal of Forest Research 44, 521-532."
Landsc750_Biomass_TotalDead_v1,Landscape proportion with Gaussian filter (sigma = 750) ,250 m,"Beaudoin A., Bernier P.Y., Guindon L., Villemaire P., Guo X.J., Stinson G., . . . Hall R.J. (2014) Mapping attributes of Canada’s forests at moderate resolution through kNN and MODIS imagery. Canadian Journal of Forest Research 44, 521-532."
Landsc750_Biomass_TotalLiveAboveGround_v1,Landscape proportion with Gaussian filter (sigma = 750) ,250 m,"Beaudoin A., Bernier P.Y., Guindon L., Villemaire P., Guo X.J., Stinson G., . . . Hall R.J. (2014) Mapping attributes of Canada’s forests at moderate resolution through kNN and MODIS imagery. Canadian Journal of Forest Research 44, 521-532."
Landsc750_Stand_Age_v1,Landscape proportion with Gaussian filter (sigma = 750) ,250 m,"Beaudoin A., Bernier P.Y., Guindon L., Villemaire P., Guo X.J., Stinson G., . . . Hall R.J. (2014) Mapping attributes of Canada’s forests at moderate resolution through kNN and MODIS imagery. Canadian Journal of Forest Research 44, 521-532."
Landsc750_Stand_CrownClosure_v1,Landscape proportion with Gaussian filter (sigma = 750) ,250 m,"Beaudoin A., Bernier P.Y., Guindon L., Villemaire P., Guo X.J., Stinson G., . . . Hall R.J. (2014) Mapping attributes of Canada’s forests at moderate resolution through kNN and MODIS imagery. Canadian Journal of Forest Research 44, 521-532."
Landsc750_Stand_Height_v1,Landscape proportion with Gaussian filter (sigma = 750) ,250 m,"Beaudoin A., Bernier P.Y., Guindon L., Villemaire P., Guo X.J., Stinson G., . . . Hall R.J. (2014) Mapping attributes of Canada’s forests at moderate resolution through kNN and MODIS imagery. Canadian Journal of Forest Research 44, 521-532."
Landsc750_Volume_Merch_v1,Landscape proportion with Gaussian filter (sigma = 750) ,250 m,"Beaudoin A., Bernier P.Y., Guindon L., Villemaire P., Guo X.J., Stinson G., . . . Hall R.J. (2014) Mapping attributes of Canada’s forests at moderate resolution through kNN and MODIS imagery. Canadian Journal of Forest Research 44, 521-532."
Landsc750_Volume_Total_v1,Landscape proportion with Gaussian filter (sigma = 750) ,250 m,"Beaudoin A., Bernier P.Y., Guindon L., Villemaire P., Guo X.J., Stinson G., . . . Hall R.J. (2014) Mapping attributes of Canada’s forests at moderate resolution through kNN and MODIS imagery. Canadian Journal of Forest Research 44, 521-532."
dev750,"2005 development proportion, Gaussian filter, sigma = 750",250 m,http://www.cec.org/tools-and-resources/map-files/land-cover-2005
led750,"2005 open water proportion, Gaussian filter, sigma = 750",250 m,http://www.cec.org/tools-and-resources/map-files/land-cover-2005
nalc,2005 Landcover class,250 m,http://www.cec.org/tools-and-resources/map-files/land-cover-2005
TPI,Terrain position index ,100 m,terrain' function in raster package
TRI,Terrain ruggedness index ,100 m,terrain' function in raster package
slope,Slope,100 m,terrain' function in raster package
roughness,Roughness index,100 m,terrain' function in raster package
lf,Landform class,100 m,"Michalak J.L., Lawler J.J., Roberts D.R., & Carroll C. (2018) Distribution and protection of climatic refugia in North America. Conserv Biol 0. doi:doi:10.1111/cobi.13130"
ROAD,Road yes/no ,1 km,"Venter O., Sanderson E.W., Magrach A., Allan J.R., Beher J., Jones K.R., . . . Watson J.E.M. (2016) Global terrestrial Human Footprint maps for 1993 and 2009. Scientific Data 3, 160067. doi:10.1038/sdata.2016.67"